4+16,0.0,0.01,0.703571428571,0.00021556122448979542,0.014682003422210316,223.89902687072754
4+16,0.0,0.01,0.782142857143,0.00010331632653061294,0.01016446390768411,332.77185893058777
4+16,0.0,0.01,0.784285714286,1.6530612244897784e-05,0.004065785563073609,315.65996050834656
4+16,0.0,0.01,0.782142857143,0.00010331632653061294,0.01016446390768411,225.08794140815735
4+16,0.0,0.01,0.794481481481,0.00019786021947873874,0.014066279518008262,529.5809617042542
4+16,0.0,0.01,0.782142857143,0.00010331632653061294,0.01016446390768411,216.68591475486755
4+16,0.0,0.01,0.782142857143,0.00010331632653061294,0.01016446390768411,252.3417203426361
4+16,0.0,0.01,0.782142857143,0.00010331632653061294,0.01016446390768411,260.0762631893158
4+16,0.0,0.01,0.782142857143,0.00010331632653061294,0.01016446390768411,201.08154296875
4+16,0.0,0.01,0.782142857143,0.00010331632653061294,0.01016446390768411,218.75195622444153
1+16,0.001,0.01,0.831555592992,1.4870356227886087e-05,0.003856210086067159,555.9365804195404
1+16,0.001,0.01,0.822843659277,0.00012930074925082078,0.011371048731353708,554.1667358875275
1+16,0.001,0.01,0.825426412503,0.00029157668406607146,0.017075616652585977,561.3843562602997
1+16,0.001,0.01,0.807726739139,1.852073872591113e-05,0.00430357278617559,577.6618454456329
1+16,0.001,0.01,0.812714000771,0.000271968721739265,0.016491474213643394,557.8581254482269
1+16,0.001,0.01,0.820904715686,0.00014665851504428807,0.012110264862681084,543.2097330093384
1+16,0.001,0.01,0.801568179722,3.5946203619209795e-05,0.005995515292217158,546.1123220920563
1+16,0.001,0.01,0.819192692706,0.00013383888404122282,0.01156887566020237,548.454642534256
1+16,0.001,0.01,0.832545625848,0.0006228751131774733,0.024957466080863924,483.96110367774963
1+16,0.001,0.01,0.809319032983,0.001032799129336979,0.03213719230637579,507.479026556015
1+2,0.001,0.01,0.783199195171,5.1238011570428405e-05,0.007158073174425392,256.60019969940186
1+2,0.001,0.01,0.782142857143,0.00010331632653061294,0.01016446390768411,211.07418847084045
1+2,0.001,0.01,0.786481481481,0.00013308984910836738,0.011536457389873522,219.67177319526672
1+2,0.001,0.01,0.787102425876,0.0001376590005884881,0.011732817248576239,282.02063155174255
1+2,0.001,0.01,0.78467665327,0.00036046781720953843,0.018985990024476953,257.2454080581665
1+2,0.001,0.01,0.782855586679,0.00010794895760289215,0.010389848776709513,264.40432238578796
1+2,0.001,0.01,0.786428571429,0.00013270408163265342,0.01151972576204197,248.20266199111938
1+2,0.001,0.01,0.783404558405,0.0001115864522203558,0.010563448879052514,235.64673519134521
1+2,0.001,0.01,0.786402116402,2.242070490747739e-05,0.004735050676336779,216.7773575782776
1+2,0.001,0.01,0.783571428571,0.00011270408163265391,0.010616217859136742,257.96467685699463
4+16,0.001,0.01,0.782142857143,0.00010331632653061294,0.01016446390768411,229.75615406036377
4+16,0.001,0.01,0.785,0.0001225000000000002,0.011067971810589338,200.43431735038757
4+16,0.001,0.01,0.782142857143,0.00010331632653061294,0.01016446390768411,205.33079719543457
4+16,0.001,0.01,0.782142857143,0.00010331632653061294,0.01016446390768411,228.04702520370483
4+16,0.001,0.01,0.782142857143,0.00010331632653061294,0.01016446390768411,177.00357246398926
4+16,0.001,0.01,0.785052910053,0.00012287065031774068,0.011084703438420926,392.27665734291077
4+16,0.001,0.01,0.782142857143,0.00010331632653061294,0.01016446390768411,226.8152437210083
4+16,0.001,0.01,0.782142857143,0.00010331632653061294,0.01016446390768411,209.59248805046082
4+16,0.001,0.01,0.785052910053,0.00012287065031774068,0.011084703438420926,306.1379134654999
4+16,0.001,0.01,0.785052910053,0.00012287065031774068,0.011084703438420926,252.81909370422363
4+2,0.001,0.01,0.782142857143,0.00010331632653061294,0.01016446390768411,506.7366645336151
4+2,0.001,0.01,0.782142857143,0.00010331632653061294,0.01016446390768411,513.7525541782379
4+2,0.001,0.01,0.782142857143,0.00010331632653061294,0.01016446390768411,545.3602151870728
4+2,0.001,0.01,0.782142857143,0.00010331632653061294,0.01016446390768411,524.9056310653687
4+2,0.001,0.01,0.782142857143,0.00010331632653061294,0.01016446390768411,365.9247052669525
4+2,0.001,0.01,0.782142857143,0.00010331632653061294,0.01016446390768411,478.69164204597473
4+2,0.001,0.01,0.782142857143,0.00010331632653061294,0.01016446390768411,426.2360243797302
4+2,0.001,0.01,0.782142857143,0.00010331632653061294,0.01016446390768411,401.35954999923706
4+2,0.001,0.01,0.703571428571,0.00021556122448979542,0.014682003422210316,463.72440791130066
4+2,0.001,0.01,0.782142857143,0.00010331632653061294,0.01016446390768411,444.13427352905273
1+16,0.001,0.1,0.915440424803,3.4665790836297002e-09,5.887766200886122e-05,538.2142024040222
1+16,0.001,0.1,0.9139530164,0.0002691954735963348,0.016407177502432733,554.1618592739105
1+16,0.001,0.1,0.919907524083,7.541008623976798e-05,0.008683898101645826,560.3105733394623
1+16,0.001,0.1,0.888811234986,0.00010028861551931694,0.0100144203785999,566.9758031368256
1+16,0.001,0.1,0.925731780224,6.621245134783779e-05,0.008137103375762027,549.2965528964996
1+16,0.001,0.1,0.929922857829,2.1516842858067542e-05,0.004638625104281175,509.2674252986908
1+16,0.001,0.1,0.915071329006,2.5482227771538197e-05,0.005047992449631655,488.5451602935791
1+16,0.001,0.1,0.822112334471,0.0019838899546462275,0.04454087958994779,494.6433665752411
1+16,0.001,0.1,0.911089004716,3.9782209433421336e-05,0.006307313963441279,494.4806983470917
1+16,0.001,0.1,0.816057465216,0.0017242567122685802,0.04152417021770068,490.4314911365509
4+2,0.001,0.1,0.782142857143,0.00010331632653061294,0.01016446390768411,95.49809193611145
4+2,0.001,0.1,0.703571428571,0.00021556122448979542,0.014682003422210316,78.62809371948242
4+2,0.001,0.1,0.782142857143,0.00010331632653061294,0.01016446390768411,96.40914821624756
4+2,0.001,0.1,0.782142857143,0.00010331632653061294,0.01016446390768411,68.1480062007904
4+2,0.001,0.1,0.782142857143,0.00010331632653061294,0.01016446390768411,81.871755361557
4+2,0.001,0.1,0.782142857143,0.00010331632653061294,0.01016446390768411,104.56500744819641
4+2,0.001,0.1,0.782142857143,0.00010331632653061294,0.01016446390768411,90.84907031059265
4+2,0.001,0.1,0.782142857143,0.00010331632653061294,0.01016446390768411,87.1102819442749
4+2,0.001,0.1,0.782142857143,0.00010331632653061294,0.01016446390768411,75.60372376441956
4+2,0.001,0.1,0.782142857143,0.00010331632653061294,0.01016446390768411,84.38602900505066
1+16,0.0,0.1,0.916923256214,0.0003573696113154901,0.018904222049994285,570.6234991550446
1+16,0.0,0.1,0.915196313914,2.508475923426584e-05,0.005008468751451469,578.9017395973206
1+16,0.0,0.1,0.912136827596,1.4730258408701216e-05,0.0038380018771101737,572.5992424488068
1+16,0.0,0.1,0.913163661561,2.7595646493400974e-05,0.005253155860375835,582.3614299297333
1+16,0.0,0.1,0.912399959591,0.0004818889577129258,0.02195196933564107,567.9435453414917
1+16,0.0,0.1,0.920303012687,0.0001229001035010313,0.011086031909616321,557.3267183303833
1+16,0.0,0.1,0.937770650808,5.0698887780728856e-05,0.007120315146166556,567.8254115581512
1+16,0.0,0.1,0.920264289805,0.00039843152612871685,0.01996074963844587,563.0619249343872
1+16,0.0,0.1,0.914922093273,2.226688676527964e-05,0.004718780220065313,512.3843653202057
1+16,0.0,0.1,0.836207436126,0.0005787141743306201,0.024056478843143693,501.1146683692932
1+2,0.0,0.1,0.85207041571,3.571089384642968e-05,0.0059758592559087,404.9735131263733
1+2,0.0,0.1,0.856728741497,1.6844773083553652e-05,0.004104238429179481,408.3429412841797
1+2,0.0,0.1,0.847344433682,9.600910232180874e-06,0.00309853356157084,436.7028431892395
1+2,0.0,0.1,0.848495540848,0.0001808408930265503,0.013447709582919699,439.9333391189575
1+2,0.0,0.1,0.84738925443,5.559450730673573e-05,0.0074561724300565724,405.95728611946106
1+2,0.0,0.1,0.844278275859,0.0008888393298915255,0.02981340855875969,414.7723789215088
1+2,0.0,0.1,0.817689918777,0.00045819251040199834,0.021405431796672505,251.9422264099121
1+2,0.0,0.1,0.818504559271,0.00014929180624717055,0.01221850261886335,244.1667079925537
1+2,0.0,0.1,0.768455317611,0.0010508797140900412,0.032417274933128494,426.4154431819916
1+2,0.0,0.1,0.680087387645,0.00553034471711643,0.07436628750392499,335.8686556816101
4+16,0.0,0.1,0.910112558955,0.0005141696350145007,0.02267530892875554,1228.2400469779968
4+16,0.0,0.1,0.892712242358,5.08141535438585e-05,0.007128404698378067,1096.672334909439
4+16,0.0,0.1,0.892305957783,0.00011303022579487755,0.010631567419476658,1040.9747431278229
4+16,0.0,0.1,0.919609799075,1.3052339727649952e-05,0.003612802198799424,1186.7276039123535
4+16,0.0,0.1,0.926550608938,4.0837119906853524e-07,0.0006390392781891698,1209.0916600227356
4+16,0.0,0.1,0.920170023214,0.000702351047682922,0.026501906491475703,1061.3365559577942
4+16,0.0,0.1,0.929271827175,4.072694547290583e-05,0.0063817666419970125,1147.0822920799255
4+16,0.0,0.1,0.928963521831,0.0005158207876280682,0.022711688348250735,1181.7183849811554
4+16,0.0,0.1,0.911947419692,9.358391067498848e-05,0.009673877747573022,945.6504528522491
4+16,0.0,0.1,0.911174841059,0.000489401464666261,0.022122419955019863,1119.760996580124
4+2,0.0,0.1,0.782142857143,0.00010331632653061294,0.01016446390768411,91.59885287284851
4+2,0.0,0.1,0.782142857143,0.00010331632653061294,0.01016446390768411,81.66620421409607
4+2,0.0,0.1,0.703571428571,0.00021556122448979542,0.014682003422210316,95.91033697128296
4+2,0.0,0.1,0.703571428571,0.00021556122448979542,0.014682003422210316,82.52555203437805
4+2,0.0,0.1,0.782142857143,0.00010331632653061294,0.01016446390768411,71.65652346611023
4+2,0.0,0.1,0.782142857143,0.00010331632653061294,0.01016446390768411,90.30578947067261
4+2,0.0,0.1,0.782142857143,0.00010331632653061294,0.01016446390768411,92.38110566139221
4+2,0.0,0.1,0.703571428571,0.00021556122448979542,0.014682003422210316,81.15149092674255
4+2,0.0,0.1,0.782142857143,0.00010331632653061294,0.01016446390768411,106.61986303329468
4+2,0.0,0.1,0.782142857143,0.00010331632653061294,0.01016446390768411,78.65004801750183
1+2,0.001,0.1,0.864243123336,0.0013051491229631009,0.0361268476754214,380.6652309894562
1+2,0.001,0.1,0.852227464293,0.00104504544557151,0.03232716265884635,384.2183413505554
1+2,0.001,0.1,0.835257516226,0.0005579213944513016,0.02362035974432442,333.42923045158386
1+2,0.001,0.1,0.837438252893,3.882714286383453e-05,0.006231142982136948,337.63188576698303
1+2,0.001,0.1,0.824453470277,0.000554331923628809,0.023544254577896686,284.7499318122864
1+2,0.001,0.1,0.857146216488,0.0003972600564344679,0.019931383705966525,389.7898485660553
1+2,0.001,0.1,0.85188844831,3.6401944524730285e-05,0.006033402400365011,377.2918622493744
1+2,0.001,0.1,0.838068301266,0.00010823731963704368,0.010403716626141049,306.51474714279175
1+2,0.001,0.1,0.736974164134,1.696724000147785e-05,0.004119130976489804,188.6084303855896
1+2,0.001,0.1,0.857051766181,0.0003387527643013297,0.018405237414967777,351.7401707172394
4+16,0.001,0.1,0.905731661693,4.288992572450465e-06,0.0020709883081394894,1173.1630158424377
4+16,0.001,0.1,0.819349499055,0.0005960183557695192,0.024413487169380764,1172.6321692466736
4+16,0.001,0.1,0.918271579686,0.00019973197392495392,0.014132656294021797,1092.8781266212463
4+16,0.001,0.1,0.929143716803,0.0011602552543097003,0.034062519788026546,1110.020742893219
4+16,0.001,0.1,0.901722159033,0.0023019613541603516,0.047978759406224245,960.582484960556
4+16,0.001,0.1,0.918313990974,1.052150260740561e-05,0.0032436865766293775,1173.6200659275055
4+16,0.001,0.1,0.907065761353,0.0024669653389541475,0.04966855483053788,975.522364616394
4+16,0.001,0.1,0.956629757333,6.344567280552798e-05,0.007965279204492958,1187.0370631217957
4+16,0.001,0.1,0.938800146703,7.032809603591924e-05,0.008386184831967349,1163.014607667923
4+16,0.001,0.1,0.921324918272,0.0003659434934444891,0.019129649590216992,1057.538569688797
4+8,0.1,0.01,0.782142857143,0.00010331632653061294,0.01016446390768411,281.90981221199036
4+8,0.1,0.01,0.782142857143,0.00010331632653061294,0.01016446390768411,396.4170596599579
4+8,0.1,0.01,0.782142857143,0.00010331632653061294,0.01016446390768411,373.68621611595154
4+8,0.1,0.01,0.782142857143,0.00010331632653061294,0.01016446390768411,324.1956443786621
4+8,0.1,0.01,0.782142857143,0.00010331632653061294,0.01016446390768411,329.1619243621826
4+8,0.1,0.01,0.782142857143,0.00010331632653061294,0.01016446390768411,288.42313599586487
4+8,0.1,0.01,0.782142857143,0.00010331632653061294,0.01016446390768411,273.8587510585785
4+8,0.1,0.01,0.782142857143,0.00010331632653061294,0.01016446390768411,376.46705508232117
4+8,0.1,0.01,0.782142857143,0.00010331632653061294,0.01016446390768411,314.01599502563477
4+8,0.1,0.01,0.782142857143,0.00010331632653061294,0.01016446390768411,324.9697344303131
4+16,0.1,0.01,0.782142857143,0.00010331632653061294,0.01016446390768411,250.27338671684265
4+16,0.1,0.01,0.703571428571,0.00021556122448979542,0.014682003422210316,228.9594373703003
4+16,0.1,0.01,0.782142857143,0.00010331632653061294,0.01016446390768411,245.94104504585266
4+16,0.1,0.01,0.703571428571,0.00021556122448979542,0.014682003422210316,214.19886589050293
4+16,0.1,0.01,0.782142857143,0.00010331632653061294,0.01016446390768411,229.0530662536621
4+16,0.1,0.01,0.782142857143,0.00010331632653061294,0.01016446390768411,199.23934864997864
4+16,0.1,0.01,0.783571428571,0.00011270408163265391,0.010616217859136742,282.6445457935333
4+16,0.1,0.01,0.782142857143,0.00010331632653061294,0.01016446390768411,246.97303581237793
4+16,0.1,0.01,0.794481481481,0.00019786021947873874,0.014066279518008262,448.8222403526306
4+16,0.1,0.01,0.783571428571,0.00011270408163265391,0.010616217859136742,349.2467122077942
4+16,0.1,0.1,0.927280676462,1.6660410080199887e-07,0.00040817165604926426,1204.1575436592102
4+16,0.1,0.1,0.905820589099,5.176006967113955e-05,0.0071944471414514925,1241.133543252945
4+16,0.1,0.1,0.918671083773,7.173538196553054e-05,0.008469674253802831,1224.69549036026
4+16,0.1,0.1,0.899895233223,9.696528616621096e-05,0.009847095316194059,1082.2698736190796
4+16,0.1,0.1,0.926726303203,0.00014107093608501165,0.011877328659467652,1314.2363920211792
4+16,0.1,0.1,0.890981715173,0.0019875844013069422,0.044582332838322206,967.5396907329559
4+16,0.1,0.1,0.894567494357,0.0001329841243117329,0.011531874275751227,946.7884991168976
4+16,0.1,0.1,0.919523729771,1.8228566057801434e-06,0.0013501320697547124,1230.2039468288422
4+16,0.1,0.1,0.93525995384,8.42494769453595e-05,0.00917875138269686,1169.7538735866547
4+16,0.1,0.1,0.920457882111,0.00019208788731108368,0.013859577457883904,1348.934722185135
3+4,0.001,0.01,0.782142857143,0.00010331632653061294,0.01016446390768411,362.0609574317932
3+4,0.001,0.01,0.782142857143,0.00010331632653061294,0.01016446390768411,349.3003599643707
3+4,0.001,0.01,0.782142857143,0.00010331632653061294,0.01016446390768411,434.8351299762726
3+4,0.001,0.01,0.782142857143,0.00010331632653061294,0.01016446390768411,317.3098187446594
3+4,0.001,0.01,0.782142857143,0.00010331632653061294,0.01016446390768411,356.7330114841461
3+4,0.001,0.01,0.782142857143,0.00010331632653061294,0.01016446390768411,317.8641426563263
3+4,0.001,0.01,0.782142857143,0.00010331632653061294,0.01016446390768411,385.3212990760803
3+4,0.001,0.01,0.782142857143,0.00010331632653061294,0.01016446390768411,358.8249251842499
3+4,0.001,0.01,0.782142857143,0.00010331632653061294,0.01016446390768411,367.64766359329224
3+4,0.001,0.01,0.703571428571,0.00021556122448979542,0.014682003422210316,348.7677447795868
3+8,0.001,0.01,0.703571428571,0.00021556122448979542,0.014682003422210316,315.5669279098511
3+8,0.001,0.01,0.782142857143,0.00010331632653061294,0.01016446390768411,245.2348449230194
3+8,0.001,0.01,0.782142857143,0.00010331632653061294,0.01016446390768411,304.38957262039185
3+8,0.001,0.01,0.782142857143,0.00010331632653061294,0.01016446390768411,269.57505536079407
3+8,0.001,0.01,0.782142857143,0.00010331632653061294,0.01016446390768411,233.33052468299866
3+8,0.001,0.01,0.782142857143,0.00010331632653061294,0.01016446390768411,276.0724575519562
3+8,0.001,0.01,0.782142857143,0.00010331632653061294,0.01016446390768411,218.14615058898926
3+8,0.001,0.01,0.782142857143,0.00010331632653061294,0.01016446390768411,233.8356626033783
3+8,0.001,0.01,0.782142857143,0.00010331632653061294,0.01016446390768411,330.17391657829285
3+8,0.001,0.01,0.782142857143,0.00010331632653061294,0.01016446390768411,234.39581751823425
2+4,0.0,0.01,0.782142857143,0.00010331632653061294,0.01016446390768411,268.4957022666931
2+4,0.0,0.01,0.777645502646,7.642738165224966e-05,0.0087422755419999,253.0144670009613
2+4,0.0,0.01,0.782142857143,0.00010331632653061294,0.01016446390768411,323.0543143749237
2+4,0.0,0.01,0.701363636364,0.00023654958677685797,0.015380168619909795,222.22385454177856
2+4,0.0,0.01,0.782142857143,0.00010331632653061294,0.01016446390768411,238.87217688560486
2+4,0.0,0.01,0.783199195171,5.1238011570428405e-05,0.007158073174425392,327.22419595718384
2+4,0.0,0.01,0.782142857143,0.00010331632653061294,0.01016446390768411,309.04760575294495
2+4,0.0,0.01,0.782142857143,0.00010331632653061294,0.01016446390768411,200.30787539482117
2+4,0.0,0.01,0.703571428571,0.00021556122448979542,0.014682003422210316,261.29918694496155
2+4,0.0,0.01,0.783571428571,0.00011270408163265391,0.010616217859136742,259.77933073043823
2+8,0.0,0.01,0.785,0.0001225000000000002,0.011067971810589338,214.87898755073547
2+8,0.0,0.01,0.78791005291,0.00014371721116430183,0.011988211341326188,274.6140570640564
2+8,0.0,0.01,0.785714285714,2.0408163265305977e-05,0.00451753951452624,307.4195020198822
2+8,0.0,0.01,0.781216931217,9.581198734637676e-06,0.00309535114884203,209.31170105934143
2+8,0.0,0.01,0.706481481481,0.0001893861454046639,0.0137617638914735,297.5578167438507
2+8,0.0,0.01,0.779935064935,8.961081126665603e-05,0.009466298709984597,234.8409161567688
2+8,0.0,0.01,0.785052910053,0.00012287065031774068,0.011084703438420926,287.52724409103394
2+8,0.0,0.01,0.786832298137,1.7838817946837676e-06,0.001335620378207733,337.5718643665314
2+8,0.0,0.01,0.782142857143,0.00010331632653061294,0.01016446390768411,207.52843570709229
2+8,0.0,0.01,0.785,0.0001225000000000002,0.011067971810589338,222.988299369812
3+4,0.0,0.01,0.782142857143,0.00010331632653061294,0.01016446390768411,358.47097182273865
3+4,0.0,0.01,0.782142857143,0.00010331632653061294,0.01016446390768411,335.32938146591187
3+4,0.0,0.01,0.782142857143,0.00010331632653061294,0.01016446390768411,354.70626044273376
3+4,0.0,0.01,0.782142857143,0.00010331632653061294,0.01016446390768411,394.28648924827576
3+4,0.0,0.01,0.782142857143,0.00010331632653061294,0.01016446390768411,303.3265640735626
3+4,0.0,0.01,0.782142857143,0.00010331632653061294,0.01016446390768411,338.1564931869507
3+4,0.0,0.01,0.782142857143,0.00010331632653061294,0.01016446390768411,340.5586543083191
3+4,0.0,0.01,0.782142857143,0.00010331632653061294,0.01016446390768411,362.61295795440674
3+4,0.0,0.01,0.703571428571,0.00021556122448979542,0.014682003422210316,295.9558277130127
3+4,0.0,0.01,0.782142857143,0.00010331632653061294,0.01016446390768411,418.9717233181
3+8,0.0,0.01,0.782142857143,0.00010331632653061294,0.01016446390768411,253.8292100429535
3+8,0.0,0.01,0.782142857143,0.00010331632653061294,0.01016446390768411,237.70767068862915
3+8,0.0,0.01,0.782142857143,0.00010331632653061294,0.01016446390768411,270.57309579849243
3+8,0.0,0.01,0.782142857143,0.00010331632653061294,0.01016446390768411,280.9664406776428
3+8,0.0,0.01,0.703571428571,0.00021556122448979542,0.014682003422210316,290.46575570106506
3+8,0.0,0.01,0.782142857143,0.00010331632653061294,0.01016446390768411,218.3736982345581
3+8,0.0,0.01,0.782142857143,0.00010331632653061294,0.01016446390768411,225.91479682922363
3+8,0.0,0.01,0.782142857143,0.00010331632653061294,0.01016446390768411,327.59457993507385
3+8,0.0,0.01,0.782142857143,0.00010331632653061294,0.01016446390768411,262.7202818393707
3+8,0.0,0.01,0.782142857143,0.00010331632653061294,0.01016446390768411,226.731538772583
2+4,0.0,0.1,0.79697039778,0.00022062182675957955,0.014853343958839018,207.59827661514282
2+4,0.0,0.1,0.815792982699,0.0004328716572383963,0.02080556793837641,489.7309057712555
2+4,0.0,0.1,0.726320102509,5.607375451800602e-05,0.007488241083058559,271.7619614601135
2+4,0.0,0.1,0.81916349179,0.00026836803331692675,0.016381942293785763,347.54517245292664
2+4,0.0,0.1,0.826610782088,0.00034380772448576165,0.01854205286600601,358.68008375167847
2+4,0.0,0.1,0.85610298964,0.00039002767838516964,0.01974911842045537,633.5621118545532
2+4,0.0,0.1,0.817974946265,0.00046205933196987565,0.02149556540242372,435.0507884025574
2+4,0.0,0.1,0.793367346939,0.00018807267805081234,0.013713959240526142,136.54282450675964
2+4,0.0,0.1,0.80968745989,0.00022520147284629024,0.015006714258833952,349.66462564468384
2+4,0.0,0.1,0.794875776398,0.0002013835307279819,0.014190966518457504,147.90392065048218
2+8,0.0,0.1,0.891993955584,6.409674718962177e-06,0.002531733540276736,795.2872052192688
2+8,0.0,0.1,0.906262856626,0.00039078572435210303,0.01976830099811572,770.6789798736572
2+8,0.0,0.1,0.871801965989,0.0003508491042892623,0.01873096645369006,719.0068638324738
2+8,0.0,0.1,0.892367966631,0.00014950994694855544,0.012227426014846929,763.9867265224457
2+8,0.0,0.1,0.811574836079,0.0010141671381461196,0.0318459909273698,793.2739682197571
2+8,0.0,0.1,0.896756267038,6.650480269561149e-05,0.008155047681994968,777.7460265159607
2+8,0.0,0.1,0.915449039723,0.00019785858528240918,0.014066221428742304,782.0073502063751
2+8,0.0,0.1,0.9130422003,1.700989886661114e-05,0.0041243058648227264,804.0840299129486
2+8,0.0,0.1,0.873031856388,1.4918290140518106e-05,0.0038624202439038278,627.8486723899841
2+8,0.0,0.1,0.903705574597,0.00013718807006431744,0.01171273111039084,739.9282529354095
3+4,0.0,0.1,0.797188449848,0.00022267497990595135,0.01492229807723835,173.02523946762085
3+4,0.0,0.1,0.782142857143,0.00010331632653061294,0.01016446390768411,59.41470193862915
3+4,0.0,0.1,0.782142857143,0.00010331632653061294,0.01016446390768411,59.82202410697937
3+4,0.0,0.1,0.782142857143,0.00010331632653061294,0.01016446390768411,49.693026542663574
3+4,0.0,0.1,0.782142857143,0.00010331632653061294,0.01016446390768411,68.9590904712677
3+4,0.0,0.1,0.782142857143,0.00010331632653061294,0.01016446390768411,54.42229676246643
3+4,0.0,0.1,0.782142857143,0.00010331632653061294,0.01016446390768411,56.73474907875061
3+4,0.0,0.1,0.788015873016,0.00014452066011589937,0.012021674596989364,160.11405611038208
3+4,0.0,0.1,0.782142857143,0.00010331632653061294,0.01016446390768411,58.14979696273804
3+4,0.0,0.1,0.801,0.00026010000000000047,0.01612761606685875,250.8277769088745
3+8,0.0,0.1,0.829718844985,0.0006355094245710975,0.025209312258986708,451.68877935409546
3+8,0.0,0.1,0.808672715463,0.00034424875398017833,0.01855394173700506,451.96135926246643
3+8,0.0,0.1,0.834507290428,0.0007141482135437471,0.0267235516640986,448.69915294647217
3+8,0.0,0.1,0.830418407679,0.0006467120293670451,0.025430533407049195,443.96425127983093
3+8,0.0,0.1,0.83814699793,0.0007769893244002084,0.027874528236370356,461.09530448913574
3+8,0.0,0.1,0.823054632706,0.0005336979359778699,0.023101903297734365,350.93740224838257
3+8,0.0,0.1,0.851843905841,0.0008762951848882107,0.029602283440441055,545.3113102912903
3+8,0.0,0.1,0.824373865077,0.0005531471806479589,0.02351908120331147,551.8730752468109
3+8,0.0,0.1,0.832339181287,0.0006390646694709492,0.025279728429533202,341.0126416683197
3+8,0.0,0.1,0.858427855981,1.3257678656189633e-06,0.0011514199345238744,639.5245542526245
2+4,0.001,0.01,0.782142857143,0.00010331632653061294,0.01016446390768411,241.39189982414246
2+4,0.001,0.01,0.782142857143,0.00010331632653061294,0.01016446390768411,248.97547602653503
2+4,0.001,0.01,0.782142857143,0.00010331632653061294,0.01016446390768411,222.70987200737
2+4,0.001,0.01,0.783571428571,0.00011270408163265391,0.010616217859136742,267.67785835266113
2+4,0.001,0.01,0.782142857143,0.00010331632653061294,0.01016446390768411,236.4230237007141
2+4,0.001,0.01,0.782142857143,0.00010331632653061294,0.01016446390768411,284.3567888736725
2+4,0.001,0.01,0.782142857143,0.00010331632653061294,0.01016446390768411,219.66508173942566
2+4,0.001,0.01,0.782142857143,0.00010331632653061294,0.01016446390768411,265.68241262435913
2+4,0.001,0.01,0.782142857143,0.00010331632653061294,0.01016446390768411,263.190664768219
2+4,0.001,0.01,0.782142857143,0.00010331632653061294,0.01016446390768411,283.0649890899658
2+8,0.001,0.01,0.782142857143,0.00010331632653061294,0.01016446390768411,217.97478461265564
2+8,0.001,0.01,0.782142857143,0.00010331632653061294,0.01016446390768411,241.2861819267273
2+8,0.001,0.01,0.779935064935,8.961081126665603e-05,0.009466298709984597,232.9115707874298
2+8,0.001,0.01,0.782142857143,0.00010331632653061294,0.01016446390768411,210.90091562271118
2+8,0.001,0.01,0.780471698113,9.285243859024597e-05,0.009635997021079135,289.55487871170044
2+8,0.001,0.01,0.706481481481,0.0001893861454046629,0.013761763891473466,220.2956280708313
2+8,0.001,0.01,0.782142857143,0.00010331632653061294,0.01016446390768411,240.36227893829346
2+8,0.001,0.01,0.710714285714,0.00015433673469387733,0.012423233664947195,295.4432728290558
2+8,0.001,0.01,0.706481481481,0.0001893861454046629,0.013761763891473466,247.53737235069275
2+8,0.001,0.01,0.782142857143,0.00010331632653061294,0.01016446390768411,233.9325406551361
2+4,0.001,0.1,0.84614699793,4.210568050786645e-05,0.006488889004125933,425.3533251285553
2+4,0.001,0.1,0.821662613982,0.0005135530242699173,0.022661708326379926,282.933669090271
2+4,0.001,0.1,0.826239253148,0.0005812423720575181,0.02410896870580569,433.2490599155426
2+4,0.001,0.1,0.797380570052,0.0002244918418470293,0.014983051820207701,204.21123790740967
2+4,0.001,0.1,0.805723056014,0.0003105058971511946,0.017621177518860498,350.3313524723053
2+4,0.001,0.1,0.859726350889,0.00017259481978180384,0.013137534768053093,640.4467294216156
2+4,0.001,0.1,0.833050620803,0.0006897405615823992,0.02626291228295901,348.8856885433197
2+4,0.001,0.1,0.820035907294,0.0002594051779988543,0.01610606028794299,346.0427944660187
2+4,0.001,0.1,0.811666666667,0.00038027777777777756,0.019500712237705,222.72495913505554
2+4,0.001,0.1,0.832382753101,0.000678691800853994,0.02605171397152199,495.1757378578186
2+8,0.001,0.1,0.864613035531,0.0004411808651854884,0.02100430587249882,623.166924238205
2+8,0.001,0.1,0.88785096459,6.786352977014111e-07,0.0008237932372272857,859.4804697036743
2+8,0.001,0.1,0.879069991232,6.56464436701089e-06,0.0025621561948895484,726.1817321777344
2+8,0.001,0.1,0.882842795226,2.6166713516760297e-05,0.005115340997114493,800.8873896598816
2+8,0.001,0.1,0.920143658634,0.0001504487721624243,0.012265756077895252,794.6166789531708
2+8,0.001,0.1,0.889444412252,1.762749136154006e-06,0.0013276856315235191,704.042813539505
2+8,0.001,0.1,0.91338206391,3.505033159206039e-07,0.0005920332050827925,771.4142036437988
2+8,0.001,0.1,0.90684010893,2.9600050277120847e-06,0.0017204665145570503,770.8995277881622
2+8,0.001,0.1,0.89149927316,0.002002204430474404,0.04474599904432131,587.7191805839539
2+8,0.001,0.1,0.906429875064,4.134329334412789e-06,0.0020333050273908214,700.8583240509033
3+4,0.001,0.1,0.81880952381,0.00047347505668934484,0.02175948199496819,348.6520507335663
3+4,0.001,0.1,0.782142857143,0.00010331632653061294,0.01016446390768411,56.284467697143555
3+4,0.001,0.1,0.782142857143,0.00010331632653061294,0.01016446390768411,65.60619044303894
3+4,0.001,0.1,0.782142857143,0.00010331632653061294,0.01016446390768411,52.51741099357605
3+4,0.001,0.1,0.782142857143,0.00010331632653061294,0.01016446390768411,73.64959287643433
3+4,0.001,0.1,0.785924369748,0.0001290560341783779,0.011360283190941057,163.3485825061798
3+4,0.001,0.1,0.782142857143,0.00010331632653061294,0.01016446390768411,60.07034873962402
3+4,0.001,0.1,0.782142857143,0.00010331632653061294,0.01016446390768411,57.73386096954346
3+4,0.001,0.1,0.782142857143,0.00010331632653061294,0.01016446390768411,54.436336517333984
3+4,0.001,0.1,0.782142857143,0.00010331632653061294,0.01016446390768411,66.06428289413452
3+8,0.001,0.1,0.862184013291,0.001258525283802879,0.03547569990575068,671.713723897934
3+8,0.001,0.1,0.851371680886,0.00040809810124965733,0.02020143809855272,547.3308877944946
3+8,0.001,0.1,0.816549165121,0.002731384788018769,0.052262651942077805,253.5875279903412
3+8,0.001,0.1,0.782142857143,0.00010331632653061294,0.01016446390768411,51.02545738220215
3+8,0.001,0.1,0.838657437998,0.0007860141312427046,0.028035943558987,557.1066448688507
3+8,0.001,0.1,0.835257509419,0.0002498839356815686,0.015807717598741715,440.49818420410156
3+8,0.001,0.1,0.839228271019,0.0007961684348960229,0.028216456809741775,462.9916989803314
3+8,0.001,0.1,0.876767288305,3.914239012084519e-05,0.006256387945200104,753.9639232158661
3+8,0.001,0.1,0.831152312073,0.000658569775475401,0.02566261435386896,348.1421003341675
3+8,0.001,0.1,0.851550458248,0.00020251139317018358,0.014230649780322176,552.1501154899597
2+4,0.1,0.1,0.848170359607,0.00011979239219009512,0.010944971091332087,549.7782580852509
2+4,0.1,0.1,0.827151621963,0.0005952372771512818,0.02439748505791697,496.5947651863098
2+4,0.1,0.1,0.850143098374,0.0010028640151964951,0.03166802828084652,434.4552731513977
2+4,0.1,0.1,0.814483853919,0.0004158167416237384,0.020391585068938078,347.0788724422455
2+4,0.1,0.1,0.814009954569,6.4638469512500115e-06,0.002542409674157572,273.41060638427734
2+4,0.1,0.1,0.794795918367,0.00020066743023740242,0.014165713191978808,205.72874903678894
2+4,0.1,0.1,0.798795918367,0.0002381041649312801,0.01543062425604616,218.02983450889587
2+4,0.1,0.1,0.851030860285,1.2767995258706326e-06,0.0011299555415460523,492.48793935775757
2+4,0.1,0.1,0.832426683717,0.0006794158188576608,0.02606560605199236,422.87664818763733
2+4,0.1,0.1,0.817459886128,6.911700873835666e-05,0.008313663977955608,356.68511748313904
1+4,0.1,0.01,0.795267545173,0.00020491506460082026,0.014314854683189077,284.2017195224762
1+4,0.1,0.01,0.715435490435,0.0001194705321435062,0.010930257643052436,233.1065742969513
1+4,0.1,0.01,0.777786037492,7.720638795023833e-05,0.00878671656252996,205.022047996521
1+4,0.1,0.01,0.70614948953,6.887935512876574e-05,0.008299358717923075,256.7131156921387
1+4,0.1,0.01,0.786481481481,0.00013308984910836738,0.011536457389873522,239.91621327400208
1+4,0.1,0.01,0.786481481481,0.00013308984910836738,0.011536457389873522,250.47622156143188
1+4,0.1,0.01,0.70731803929,0.0002835066337335174,0.016837655232647967,229.81380438804626
1+4,0.1,0.01,0.787983193277,3.763152319751376e-06,0.0019398846150612608,278.28214621543884
1+4,0.1,0.01,0.786053077357,1.1863765331469076e-06,0.0010892091319608496,250.50485253334045
1+4,0.1,0.01,0.780267478094,0.0007159749701562187,0.026757708611841537,207.8189148902893
1+16,0.1,0.01,0.80540821589,1.6316491551684746e-05,0.004039367716819645,536.9095876216888
1+16,0.1,0.01,0.835564178784,6.70076689817131e-06,0.002588583956175907,555.832765340805
1+16,0.1,0.01,0.805342645896,0.0013886889191685795,0.03726511665309233,511.770681142807
1+16,0.1,0.01,0.836782922813,0.00018203257551569618,0.01349194483815051,508.7789330482483
1+16,0.1,0.01,0.837144712266,2.4491159301077113e-07,0.0004948854342277323,551.6568500995636
1+16,0.1,0.01,0.802699641379,9.778798158375098e-05,0.009888780591344465,491.483247756958
1+16,0.1,0.01,0.812623465681,4.426661948154284e-06,0.0021039633904025713,512.5837187767029
1+16,0.1,0.01,0.835405633435,0.00012535588789648654,0.011196244365700783,558.300389289856
1+16,0.1,0.01,0.828697993286,5.1655489435736696e-05,0.007187175344719001,536.932906627655
1+16,0.1,0.01,0.826010419945,6.128700557419886e-06,0.0024756212467620903,537.9108879566193
1+2,0.1,0.01,0.790052910053,3.4686598919402855e-05,0.005889532996715687,229.70580983161926
1+2,0.1,0.01,0.785052910053,0.00012287065031774068,0.011084703438420926,249.8126926422119
1+2,0.1,0.01,0.7846277666,5.7909468885748964e-05,0.007609827125878023,192.39962911605835
1+2,0.1,0.01,0.790105820106,3.488396181517855e-05,0.005906264624547274,268.8263509273529
1+2,0.1,0.01,0.785,0.0001225000000000002,0.011067971810589338,259.4202892780304
1+2,0.1,0.01,0.783571428571,0.00011270408163265391,0.010616217859136742,230.39780235290527
1+2,0.1,0.01,0.78730458221,0.00019755748650474755,0.014055514451799605,269.86975717544556
1+2,0.1,0.01,0.703351648352,0.0002176068711508265,0.014751504030126096,276.26546263694763
1+2,0.1,0.01,0.783571428571,0.00011270408163265391,0.010616217859136742,241.1702229976654
1+2,0.1,0.01,0.779484909457,3.5802426632227966e-05,0.005983512900648578,239.56010603904724
1+8,0.1,0.01,0.804870791084,0.00030108037141542523,0.017351667683984304,385.24322390556335
1+8,0.1,0.01,0.786077080727,0.00025789093392263046,0.016058982966633672,433.74261474609375
1+8,0.1,0.01,0.799348971321,0.0001504322072253258,0.012265080807941128,316.4201316833496
1+8,0.1,0.01,0.795662042796,0.00023124516280078803,0.015206747278783456,391.1040105819702
1+8,0.1,0.01,0.80731447843,6.10375702672386e-05,0.007812654495575663,336.1391899585724
1+8,0.1,0.01,0.720419037636,8.750333343792735e-05,0.009354321644989942,347.31013679504395
1+8,0.1,0.01,0.803883428023,4.3544054943389344e-07,0.0006598791930602855,337.78658747673035
1+8,0.1,0.01,0.794733586705,0.00011676030070401541,0.01080556804170958,294.2177059650421
1+8,0.1,0.01,0.79884240172,0.00014652834822664003,0.012104889434713563,286.41449642181396
1+8,0.1,0.01,0.781187279497,9.523238316862067e-06,0.0030859744517513533,242.30446791648865
2+16,0.1,0.01,0.782279800809,0.00010419855402824466,0.010207769297365839,696.4992232322693
2+16,0.1,0.01,0.798401448307,0.0002342700198225725,0.015305881870136477,523.6914699077606
2+16,0.1,0.01,0.793338624339,0.00018782363595644118,0.01370487635684617,508.38136887550354
2+16,0.1,0.01,0.790317645318,0.00016255125239594516,0.012749558909858221,635.7940738201141
2+16,0.1,0.01,0.808610682124,6.761033004647436e-05,0.00822255009388659,577.7000620365143
2+16,0.1,0.01,0.812259331083,3.291206992279968e-05,0.005736904210704557,739.2396054267883
2+16,0.1,0.01,0.720772190772,0.0009488635512082441,0.030803628864279026,439.8152849674225
2+16,0.1,0.01,0.808914414726,0.00014051884476995336,0.011854064483119424,668.5076730251312
2+16,0.1,0.01,0.726509560239,0.00020177175662713142,0.014204638560242617,718.9577805995941
2+16,0.1,0.01,0.828589949027,0.00011883396029561675,0.010901099040721387,632.2099189758301
2+2,0.1,0.01,0.782142857143,0.00010331632653061294,0.01016446390768411,316.7328062057495
2+2,0.1,0.01,0.782142857143,0.00010331632653061294,0.01016446390768411,284.875853061676
2+2,0.1,0.01,0.782142857143,0.00010331632653061294,0.01016446390768411,257.70177936553955
2+2,0.1,0.01,0.703571428571,0.00021556122448979542,0.014682003422210316,377.26963996887207
2+2,0.1,0.01,0.782142857143,0.00010331632653061294,0.01016446390768411,282.97788524627686
2+2,0.1,0.01,0.782142857143,0.00010331632653061294,0.01016446390768411,401.6074843406677
2+2,0.1,0.01,0.782142857143,0.00010331632653061294,0.01016446390768411,240.54133105278015
2+2,0.1,0.01,0.782142857143,0.00010331632653061294,0.01016446390768411,311.47847151756287
2+2,0.1,0.01,0.782142857143,0.00010331632653061294,0.01016446390768411,325.4345874786377
2+2,0.1,0.01,0.782142857143,0.00010331632653061294,0.01016446390768411,265.643563747406
2+4,0.1,0.01,0.782142857143,0.00010331632653061294,0.01016446390768411,264.2027049064636
2+4,0.1,0.01,0.782142857143,0.00010331632653061294,0.01016446390768411,249.68358373641968
2+4,0.1,0.01,0.703571428571,0.00021556122448979542,0.014682003422210316,326.37030267715454
2+4,0.1,0.01,0.782142857143,0.00010331632653061294,0.01016446390768411,259.57820415496826
2+4,0.1,0.01,0.782142857143,0.00010331632653061294,0.01016446390768411,294.0186331272125
2+4,0.1,0.01,0.782142857143,0.00010331632653061294,0.01016446390768411,197.91324067115784
2+4,0.1,0.01,0.782142857143,0.00010331632653061294,0.01016446390768411,281.9503619670868
2+4,0.1,0.01,0.782142857143,0.00010331632653061294,0.01016446390768411,307.37437176704407
2+4,0.1,0.01,0.783571428571,0.00011270408163265391,0.010616217859136742,312.5684678554535
2+4,0.1,0.01,0.782142857143,0.00010331632653061294,0.01016446390768411,247.1184048652649
2+8,0.1,0.01,0.782142857143,0.00010331632653061294,0.01016446390768411,216.6759958267212
2+8,0.1,0.01,0.783571428571,0.00011270408163265391,0.010616217859136742,215.8663375377655
2+8,0.1,0.01,0.782142857143,0.00010331632653061294,0.01016446390768411,229.22112131118774
2+8,0.1,0.01,0.783571428571,0.00011270408163265391,0.010616217859136742,218.68656516075134
2+8,0.1,0.01,0.788186813187,0.0001458232701364576,0.01207573062536829,238.7003412246704
2+8,0.1,0.01,0.783571428571,0.00011270408163265391,0.010616217859136742,232.86294412612915
2+8,0.1,0.01,0.782142857143,0.00010331632653061294,0.01016446390768411,237.42137503623962
2+8,0.1,0.01,0.787962962963,0.00014411865569272987,0.012004942969157741,312.95329570770264
2+8,0.1,0.01,0.783613445378,3.57495939552289e-05,0.0059790964162847295,254.7788200378418
2+8,0.1,0.01,0.785056358736,0.00012289482877993728,0.011085794007644976,210.78423643112183
3+16,0.1,0.01,0.705,0.0002024999999999994,0.014230249470757685,499.6791899204254
3+16,0.1,0.01,0.703381751023,0.00021732611376572728,0.01474198472953107,327.56548380851746
3+16,0.1,0.01,0.785052910053,0.00012287065031774068,0.011084703438420926,310.1125240325928
3+16,0.1,0.01,0.78281671159,0.00010769365596007027,0.010377555394218346,403.90566515922546
3+16,0.1,0.01,0.783571428571,0.00011270408163265391,0.010616217859136742,261.20112466812134
3+16,0.1,0.01,0.787857142857,0.00014331632653061274,0.011971479713494599,586.6104266643524
3+16,0.1,0.01,0.783571428571,0.00011270408163265391,0.010616217859136742,330.18629026412964
3+16,0.1,0.01,0.783571428571,0.00011270408163265391,0.010616217859136742,199.60314202308655
3+16,0.1,0.01,0.625,0.0015624999999999973,0.03952847075210471,474.23139667510986
3+16,0.1,0.01,0.792153204125,9.97916970453559e-05,0.009989579422846385,288.1232657432556
3+2,0.1,0.01,0.782142857143,0.00010331632653061294,0.01016446390768411,457.9386386871338
3+2,0.1,0.01,0.782142857143,0.00010331632653061294,0.01016446390768411,401.54816603660583
3+2,0.1,0.01,0.782142857143,0.00010331632653061294,0.01016446390768411,342.04993724823
3+2,0.1,0.01,0.782142857143,0.00010331632653061294,0.01016446390768411,396.5537986755371
3+2,0.1,0.01,0.782142857143,0.00010331632653061294,0.01016446390768411,452.15635871887207
3+2,0.1,0.01,0.782142857143,0.00010331632653061294,0.01016446390768411,333.7252883911133
3+2,0.1,0.01,0.782142857143,0.00010331632653061294,0.01016446390768411,467.30648708343506
3+2,0.1,0.01,0.782142857143,0.00010331632653061294,0.01016446390768411,476.2504618167877
3+2,0.1,0.01,0.703571428571,0.00021556122448979542,0.014682003422210316,415.70879316329956
3+2,0.1,0.01,0.782142857143,0.00010331632653061294,0.01016446390768411,501.3131847381592
3+4,0.1,0.01,0.703571428571,0.00021556122448979542,0.014682003422210316,300.5329158306122
3+4,0.1,0.01,0.782142857143,0.00010331632653061294,0.01016446390768411,320.2015469074249
3+4,0.1,0.01,0.782142857143,0.00010331632653061294,0.01016446390768411,310.14494490623474
3+4,0.1,0.01,0.782142857143,0.00010331632653061294,0.01016446390768411,347.62361216545105
3+4,0.1,0.01,0.782142857143,0.00010331632653061294,0.01016446390768411,319.37819480895996
3+4,0.1,0.01,0.703571428571,0.00021556122448979542,0.014682003422210316,360.8889648914337
3+4,0.1,0.01,0.782142857143,0.00010331632653061294,0.01016446390768411,369.13177037239075
3+4,0.1,0.01,0.782142857143,0.00010331632653061294,0.01016446390768411,316.5987083911896
3+4,0.1,0.01,0.782142857143,0.00010331632653061294,0.01016446390768411,328.06428933143616
3+4,0.1,0.01,0.703571428571,0.00021556122448979542,0.014682003422210316,328.8249890804291
4+2,0.1,0.01,0.782142857143,0.00010331632653061294,0.01016446390768411,558.7111511230469
4+2,0.1,0.01,0.782142857143,0.00010331632653061294,0.01016446390768411,555.6944320201874
4+2,0.1,0.01,0.782142857143,0.00010331632653061294,0.01016446390768411,512.366099357605
4+2,0.1,0.01,0.782142857143,0.00010331632653061294,0.01016446390768411,555.205397605896
4+2,0.1,0.01,0.782142857143,0.00010331632653061294,0.01016446390768411,474.0119378566742
4+2,0.1,0.01,0.782142857143,0.00010331632653061294,0.01016446390768411,533.7156000137329
4+2,0.1,0.01,0.703571428571,0.00021556122448979542,0.014682003422210316,450.7117700576782
4+2,0.1,0.01,0.782142857143,0.00010331632653061294,0.01016446390768411,417.63559675216675
4+2,0.1,0.01,0.782142857143,0.00010331632653061294,0.01016446390768411,398.50777864456177
4+2,0.1,0.01,0.782142857143,0.00010331632653061294,0.01016446390768411,534.6995031833649
4+4,0.1,0.01,0.782142857143,0.00010331632653061294,0.01016446390768411,442.3383390903473
4+4,0.1,0.01,0.782142857143,0.00010331632653061294,0.01016446390768411,476.9873135089874
4+4,0.1,0.01,0.782142857143,0.00010331632653061294,0.01016446390768411,401.3307201862335
4+4,0.1,0.01,0.703571428571,0.00021556122448979542,0.014682003422210316,443.28861021995544
4+4,0.1,0.01,0.782142857143,0.00010331632653061294,0.01016446390768411,287.6054253578186
4+4,0.1,0.01,0.782142857143,0.00010331632653061294,0.01016446390768411,384.4103500843048
4+4,0.1,0.01,0.782142857143,0.00010331632653061294,0.01016446390768411,531.0375015735626
4+4,0.1,0.01,0.782142857143,0.00010331632653061294,0.01016446390768411,415.09598422050476
4+4,0.1,0.01,0.782142857143,0.00010331632653061294,0.01016446390768411,382.3766276836395
4+4,0.1,0.01,0.782142857143,0.00010331632653061294,0.01016446390768411,394.5576720237732
3+8,0.1,0.01,0.703571428571,0.00021556122448979542,0.014682003422210316,220.71019220352173
3+8,0.1,0.01,0.782142857143,0.00010331632653061294,0.01016446390768411,278.36478638648987
3+8,0.1,0.01,0.782142857143,0.00010331632653061294,0.01016446390768411,255.54783153533936
3+8,0.1,0.01,0.782142857143,0.00010331632653061294,0.01016446390768411,239.6055769920349
3+8,0.1,0.01,0.782142857143,0.00010331632653061294,0.01016446390768411,240.52671647071838
3+8,0.1,0.01,0.782142857143,0.00010331632653061294,0.01016446390768411,276.5521230697632
3+8,0.1,0.01,0.706481481481,0.0001893861454046629,0.013761763891473466,247.644136428833
3+8,0.1,0.01,0.782142857143,0.00010331632653061294,0.01016446390768411,266.48823499679565
3+8,0.1,0.01,0.783571428571,0.00011270408163265391,0.010616217859136742,227.3420865535736
3+8,0.1,0.01,0.782142857143,0.00010331632653061294,0.01016446390768411,247.00210547447205
1+2,0.1,0.1,0.84368707483,0.0008777267990189276,0.02962645437812172,343.3390350341797
1+2,0.1,0.1,0.779698139633,0.00028767340032495755,0.016960937483669867,507.5555052757263
1+2,0.1,0.1,0.819452495974,0.0004823649197051156,0.021962807646225827,299.89203548431396
1+2,0.1,0.1,0.857579327505,0.00015521637408539044,0.01245858635983194,448.497921705246
1+2,0.1,0.1,0.838519914497,0.0007835775262556825,0.027992454809388948,441.07094645500183
1+2,0.1,0.1,0.849126575147,6.426077703481952e-06,0.002534970947265856,487.60014724731445
1+2,0.1,0.1,0.830136657942,4.982876868407078e-05,0.007058949545369395,392.499249458313
1+2,0.1,0.1,0.844998043676,0.0004744267143433553,0.021781338671976874,347.6223123073578
1+2,0.1,0.1,0.83185607063,1.4146555586384114e-05,0.003761190713907514,348.4882655143738
1+2,0.1,0.1,0.831578528122,0.0006655056250631312,0.025797395703115678,397.82052421569824
1+4,0.1,0.1,0.893125236587,0.00014371109452643787,0.011987956228083163,543.7739353179932
1+4,0.1,0.1,0.891039773911,0.0009393898673629794,0.030649467652195516,551.8392632007599
1+4,0.1,0.1,0.893312202146,0.0003911623268655582,0.019777824118581856,573.6726167201996
1+4,0.1,0.1,0.899755393925,2.1052536640095894e-05,0.0045883043316780866,545.9338266849518
1+4,0.1,0.1,0.879525335489,0.0001279874629363596,0.011313154420247237,562.5426113605499
1+4,0.1,0.1,0.859288920696,0.001537471118326567,0.03921059956601744,494.87558674812317
1+4,0.1,0.1,0.79895770997,3.695663365447625e-05,0.00607919679353089,554.3560495376587
1+4,0.1,0.1,0.882502489911,0.0004137148811732338,0.020339982329717836,550.1619749069214
1+4,0.1,0.1,0.875247200621,0.0015686861263412327,0.039606642452260865,503.6649286746979
1+4,0.1,0.1,0.881507663443,5.93643786030603e-05,0.007704828265643583,550.2556140422821
1+8,0.1,0.1,0.880205030949,3.91840799747879e-05,0.006259718841512604,552.5718669891357
1+8,0.1,0.1,0.902068385662,9.672500402111716e-05,0.009834887087359832,554.9184999465942
1+8,0.1,0.1,0.87718322136,0.000123183313002671,0.011098797817902217,557.0392799377441
1+8,0.1,0.1,0.889794150678,7.120353102019089e-06,0.0026683989772931425,554.2187812328339
1+8,0.1,0.1,0.896758820053,9.055376954341015e-05,0.009515974440035564,556.3989870548248
1+8,0.1,0.1,0.901509218842,0.0003528829950972077,0.018785180198688745,551.4169752597809
1+8,0.1,0.1,0.825909366731,0.0004990342659967817,0.022339074868865577,562.6847190856934
1+8,0.1,0.1,0.889591424227,3.4684154211302184e-05,0.005889325446203681,567.7379570007324
1+8,0.1,0.1,0.890069107055,0.0003283211384589353,0.018119634059741253,584.4031190872192
1+8,0.1,0.1,0.893738245751,4.629378918230271e-05,0.006803953937403068,561.3300421237946
1+16,0.1,0.1,0.906864060877,5.8420929391799326e-05,0.0076433585151947,572.3160545825958
1+16,0.1,0.1,0.934531274844,0.00024290480119030047,0.015585403465752835,572.9432682991028
1+16,0.1,0.1,0.832825347656,0.0013120115663197741,0.03622170021299075,562.6566290855408
1+16,0.1,0.1,0.903830697931,5.051150945028427e-05,0.007107144957736846,572.0987832546234
1+16,0.1,0.1,0.901458266593,2.1265414574011308e-07,0.0004611443870851223,565.562780380249
1+16,0.1,0.1,0.911958307848,0.0003540165683545306,0.018815328016129045,577.0843029022217
1+16,0.1,0.1,0.91388715965,0.00010582807591947572,0.010287277381283919,569.8844566345215
1+16,0.1,0.1,0.902932689743,0.00010217578883175628,0.010108204035918363,595.4597585201263
1+16,0.1,0.1,0.898999827133,1.0003457628835015e-07,0.00031628243120405877,568.7225053310394
1+16,0.1,0.1,0.83201893278,0.0001517009734606699,0.012316694908159002,567.312353849411
2+2,0.1,0.1,0.782142857143,0.00010331632653061294,0.01016446390768411,61.57565760612488
2+2,0.1,0.1,0.782142857143,0.00010331632653061294,0.01016446390768411,60.56290888786316
2+2,0.1,0.1,0.782142857143,0.00010331632653061294,0.01016446390768411,54.87080693244934
2+2,0.1,0.1,0.803723404255,0.0002886204164780447,0.01698883211047907,197.69325923919678
2+2,0.1,0.1,0.782142857143,0.00010331632653061294,0.01016446390768411,56.092599630355835
2+2,0.1,0.1,0.793367346939,0.00018807267805081332,0.013713959240526177,130.12384843826294
2+2,0.1,0.1,0.718617021277,9.848913535536357e-05,0.009924169252656042,127.14728021621704
2+2,0.1,0.1,0.782142857143,0.00010331632653061294,0.01016446390768411,61.12437081336975
2+2,0.1,0.1,0.782142857143,0.00010331632653061294,0.01016446390768411,59.92459321022034
2+2,0.1,0.1,0.78281671159,0.00010769365596007027,0.010377555394218346,130.20681595802307
2+8,0.1,0.1,0.903349402347,6.841583015233336e-05,0.008271386229183919,815.0664067268372
2+8,0.1,0.1,0.900404509784,1.6362816523260486e-08,0.0001279172252797116,780.7581939697266
2+8,0.1,0.1,0.907665674751,5.876256938476396e-06,0.0024240992014512106,798.184207201004
2+8,0.1,0.1,0.900415705413,1.7281099006470395e-08,0.00013145759394751752,729.9373452663422
2+8,0.1,0.1,0.911866504346,0.0008776820421623239,0.029625699015589892,789.6212501525879
2+8,0.1,0.1,0.885150417023,1.2998980392293922e-05,0.003605409878542788,764.6472029685974
2+8,0.1,0.1,0.88803612805,9.54394187326049e-05,0.009769310043836509,751.001428604126
2+8,0.1,0.1,0.885257217026,8.998212246164704e-05,0.00948589070470702,754.4521219730377
2+8,0.1,0.1,0.913392521755,2.3039921213730072e-05,0.004799991793089866,716.9938571453094
2+8,0.1,0.1,0.811490404168,0.0014290786726008236,0.037803156913157714,802.5420141220093
2+16,0.1,0.1,0.928802404128,0.00012590652997164308,0.011220807901913439,818.4991185665131
2+16,0.1,0.1,0.941880914647,5.019750468325668e-05,0.0070850197376758715,814.8017411231995
2+16,0.1,0.1,0.921423058728,3.8054357959471746e-06,0.001950752622950223,830.3327515125275
2+16,0.1,0.1,0.828816804799,0.0010448453687535275,0.032324067948720926,830.9503998756409
2+16,0.1,0.1,0.930465524813,9.2814820215291e-05,0.009634044852256553,825.4003987312317
2+16,0.1,0.1,0.917485263064,0.00036412059523241826,0.01908194422045139,839.3414256572723
2+16,0.1,0.1,0.918053186807,8.59382958847477e-05,0.009270291035601185,811.450840473175
2+16,0.1,0.1,0.894444009264,3.181475989808926e-05,0.005640457419224904,829.5292370319366
2+16,0.1,0.1,0.930292753242,2.2615696210519624e-05,0.004755596304410165,825.874626159668
2+16,0.1,0.1,0.925851539843,4.629761769835868e-05,0.0068042352765287795,859.5189340114594
3+2,0.1,0.1,0.782142857143,0.00010331632653061294,0.01016446390768411,74.95371150970459
3+2,0.1,0.1,0.782142857143,0.00010331632653061294,0.01016446390768411,67.95967221260071
3+2,0.1,0.1,0.782142857143,0.00010331632653061294,0.01016446390768411,76.69344711303711
3+2,0.1,0.1,0.703571428571,0.00021556122448979542,0.014682003422210316,74.86735558509827
3+2,0.1,0.1,0.782142857143,0.00010331632653061294,0.01016446390768411,67.40487313270569
3+2,0.1,0.1,0.703571428571,0.00021556122448979542,0.014682003422210316,78.35670566558838
3+2,0.1,0.1,0.703571428571,0.00021556122448979542,0.014682003422210316,74.64559745788574
3+2,0.1,0.1,0.703571428571,0.00021556122448979542,0.014682003422210316,72.66017603874207
3+2,0.1,0.1,0.782142857143,0.00010331632653061294,0.01016446390768411,70.12316012382507
3+2,0.1,0.1,0.782142857143,0.00010331632653061294,0.01016446390768411,67.11118173599243
3+4,0.1,0.1,0.782142857143,0.00010331632653061294,0.01016446390768411,53.65533447265625
3+4,0.1,0.1,0.782142857143,0.00010331632653061294,0.01016446390768411,61.708362340927124
3+4,0.1,0.1,0.782142857143,0.00010331632653061294,0.01016446390768411,53.2052481174469
3+4,0.1,0.1,0.782142857143,0.00010331632653061294,0.01016446390768411,56.745803117752075
3+4,0.1,0.1,0.782142857143,0.00010331632653061294,0.01016446390768411,63.390645265579224
3+4,0.1,0.1,0.782142857143,0.00010331632653061294,0.01016446390768411,60.65677309036255
3+4,0.1,0.1,0.782142857143,0.00010331632653061294,0.01016446390768411,65.82095241546631
3+4,0.1,0.1,0.782142857143,0.00010331632653061294,0.01016446390768411,55.464834451675415
3+4,0.1,0.1,0.703571428571,0.00021556122448979542,0.014682003422210316,54.215046405792236
3+4,0.1,0.1,0.782142857143,0.00010331632653061294,0.01016446390768411,64.30705976486206
3+8,0.1,0.1,0.862800229755,0.00046559132829277026,0.021577565393082934,641.2879793643951
3+8,0.1,0.1,0.857342502218,0.0011522412782481162,0.03394467967514374,581.2590143680573
3+8,0.1,0.1,0.806366459627,0.0003177177770919336,0.01782463960622861,263.8838129043579
3+8,0.1,0.1,0.858354408222,0.0002908045134117274,0.01705299133324495,578.4342143535614
3+8,0.1,0.1,0.829675475687,0.0006348181425966245,0.025195597682861674,538.1576056480408
3+8,0.1,0.1,0.84512830165,1.4434954368996162e-05,0.0037993360431786186,544.3216185569763
3+8,0.1,0.1,0.810777777778,0.0003693938271604943,0.019219620890134497,270.44333004951477
3+8,0.1,0.1,0.830936749168,0.0006550757365843651,0.025594447377983474,445.18914008140564
3+8,0.1,0.1,0.861441623026,0.0001486748434867398,0.01219322941171615,747.649834394455
3+8,0.1,0.1,0.829530952066,0.0006325172336572587,0.025149895301119222,449.76385855674744
3+16,0.1,0.1,0.896874928968,0.0021572244759435833,0.046445930671519364,1010.8258497714996
3+16,0.1,0.1,0.917244957493,0.00030443900905378934,0.01744818068033998,1120.7656080722809
3+16,0.1,0.1,0.934725969537,1.5983158033587514e-05,0.0039978941998991815,1086.9528892040253
3+16,0.1,0.1,0.93285609618,2.1060757320799454e-05,0.004589200074174088,1106.3717033863068
3+16,0.1,0.1,0.925999082536,3.7851503736278995e-05,0.006152357575456664,1091.293300151825
3+16,0.1,0.1,0.932483450122,0.00024339157515828558,0.01560101199147945,1080.8893163204193
3+16,0.1,0.1,0.900545797134,2.163382117640044e-05,0.004651217171493978,1106.394098520279
3+16,0.1,0.1,0.926692305807,0.00014132643610343784,0.011888079580127222,1077.5721979141235
3+16,0.1,0.1,0.932296972118,4.059022957876595e-06,0.002014701704440783,1073.4583053588867
3+16,0.1,0.1,0.93165669695,0.0002530166934051902,0.015906498464627286,1078.8651459217072
4+2,0.1,0.1,0.782142857143,0.00010331632653061294,0.01016446390768411,90.6539831161499
4+2,0.1,0.1,0.782142857143,0.00010331632653061294,0.01016446390768411,90.09678506851196
4+2,0.1,0.1,0.782142857143,0.00010331632653061294,0.01016446390768411,98.83643364906311
4+2,0.1,0.1,0.782142857143,0.00010331632653061294,0.01016446390768411,76.6657817363739
4+2,0.1,0.1,0.782142857143,0.00010331632653061294,0.01016446390768411,78.23777842521667
4+2,0.1,0.1,0.782142857143,0.00010331632653061294,0.01016446390768411,80.11789274215698
4+2,0.1,0.1,0.782142857143,0.00010331632653061294,0.01016446390768411,75.372807264328
4+2,0.1,0.1,0.703571428571,0.00021556122448979542,0.014682003422210316,91.71823263168335
4+2,0.1,0.1,0.782142857143,0.00010331632653061294,0.01016446390768411,89.35531902313232
4+2,0.1,0.1,0.782142857143,0.00010331632653061294,0.01016446390768411,91.87129807472229
4+4,0.1,0.1,0.782142857143,0.00010331632653061294,0.01016446390768411,77.56108617782593
4+4,0.1,0.1,0.782142857143,0.00010331632653061294,0.01016446390768411,73.37130951881409
4+4,0.1,0.1,0.782142857143,0.00010331632653061294,0.01016446390768411,68.195059299469
4+4,0.1,0.1,0.782142857143,0.00010331632653061294,0.01016446390768411,77.73206615447998
4+4,0.1,0.1,0.782142857143,0.00010331632653061294,0.01016446390768411,78.16644406318665
4+4,0.1,0.1,0.782142857143,0.00010331632653061294,0.01016446390768411,66.34308886528015
4+4,0.1,0.1,0.782142857143,0.00010331632653061294,0.01016446390768411,75.86292695999146
4+4,0.1,0.1,0.782142857143,0.00010331632653061294,0.01016446390768411,56.17759037017822
4+4,0.1,0.1,0.703571428571,0.00021556122448979542,0.014682003422210316,72.35302138328552
4+4,0.1,0.1,0.782142857143,0.00010331632653061294,0.01016446390768411,59.52462363243103
4+8,0.1,0.1,0.815697674419,0.00043161844240129923,0.02077542881389694,314.09202814102173
4+8,0.1,0.1,0.799223602484,0.00024229630415493285,0.015565869848965488,174.96859192848206
4+8,0.1,0.1,0.794875776398,0.0002013835307279819,0.014190966518457504,173.3137285709381
4+8,0.1,0.1,0.782142857143,0.00010331632653061294,0.01016446390768411,47.93055582046509
4+8,0.1,0.1,0.782142857143,0.00010331632653061294,0.01016446390768411,50.810333251953125
4+8,0.1,0.1,0.782142857143,0.00010331632653061294,0.01016446390768411,49.40748739242554
4+8,0.1,0.1,0.782142857143,0.00010331632653061294,0.01016446390768411,48.921735525131226
4+8,0.1,0.1,0.789285714286,0.00015433673469387907,0.012423233664947266,167.93995356559753
4+8,0.1,0.1,0.795238095238,0.00020464852607709905,0.014305541795999865,188.7373685836792
4+8,0.1,0.1,0.782142857143,0.00010331632653061294,0.01016446390768411,51.353246212005615
1+16,0.0,0.01,0.817642527692,0.0002135729753502095,0.014614136147929151,462.7401478290558
1+16,0.0,0.01,0.82994076352,5.745903482924392e-05,0.007580173799408819,475.12373876571655
1+16,0.0,0.01,0.833721263366,0.0002612494578335574,0.016163213103636213,483.0327160358429
1+16,0.0,0.01,0.834722442315,8.149679775424396e-06,0.002854764399284886,494.094443321228
1+16,0.0,0.01,0.760678661208,0.00041884407759623166,0.0204656804821201,484.76210165023804
1+16,0.0,0.01,0.816665490781,7.335706396310148e-05,0.008564873843968835,485.79515051841736
1+16,0.0,0.01,0.80403979271,9.844897433206029e-06,0.0031376579535070466,470.05649852752686
1+16,0.0,0.01,0.828813896343,1.1304108603202856e-05,0.0033621583251243325,478.7294661998749
1+16,0.0,0.01,0.834624677802,1.4864471823256642e-06,0.001219199402200339,488.9525079727173
1+16,0.0,0.01,0.808863600192,8.372058331926797e-07,0.0009149895262748529,478.10139083862305
1+2,0.0,0.01,0.629285714286,0.0014571938775510191,0.03817320889774685,163.30372142791748
1+2,0.0,0.01,0.779571428571,8.744693877551092e-05,0.009351306795069389,164.18231678009033
1+2,0.0,0.01,0.709395604396,0.00016487169423982565,0.012840237312441919,235.77879762649536
1+2,0.0,0.01,0.786590296496,0.00013388497976620365,0.011570867718810187,182.01772475242615
1+2,0.0,0.01,0.789075205953,8.129242030939043e-05,0.009016230937004134,205.02534580230713
1+2,0.0,0.01,0.782142857143,0.00010331632653061294,0.01016446390768411,173.29317998886108
1+2,0.0,0.01,0.788597883598,0.00014897966182357743,0.012205722503136692,199.13981914520264
1+2,0.0,0.01,0.785042016807,4.1355836452227746e-05,0.006430850367737361,223.84899044036865
1+2,0.0,0.01,0.783571428571,0.00011270408163265391,0.010616217859136742,197.86578392982483
1+2,0.0,0.01,0.785052910053,0.00012287065031774068,0.011084703438420926,213.40055131912231
4+2,0.0,0.01,0.782142857143,0.00010331632653061294,0.01016446390768411,393.7669596672058
4+2,0.0,0.01,0.703571428571,0.00021556122448979542,0.014682003422210316,408.04338693618774
4+2,0.0,0.01,0.782142857143,0.00010331632653061294,0.01016446390768411,507.6225378513336
4+2,0.0,0.01,0.782142857143,0.00010331632653061294,0.01016446390768411,433.6146376132965
4+2,0.0,0.01,0.782142857143,0.00010331632653061294,0.01016446390768411,409.46356177330017
4+2,0.0,0.01,0.782142857143,0.00010331632653061294,0.01016446390768411,424.5375339984894
4+2,0.0,0.01,0.782142857143,0.00010331632653061294,0.01016446390768411,328.4535720348358
4+2,0.0,0.01,0.782142857143,0.00010331632653061294,0.01016446390768411,505.4556493759155
4+2,0.0,0.01,0.703571428571,0.00021556122448979542,0.014682003422210316,405.52697706222534
4+2,0.0,0.01,0.782142857143,0.00010331632653061294,0.01016446390768411,409.54820442199707
